0,1,2,3,4,5,6,7,8,9,10,11,12,13,14,15,16,17,18,19,20,21,22,23,24,25,26,27,28,29,30,31,32,33,34,35,36,37,38,39,40,41,42,43,44,45,46,47,48,49,50,51,52,53,54,55
England,"5' UTR, at 241: C->T","ORF1a, ORF1ab, nsp2, at 913: C->T","ORF1a, ORF1ab, nsp3, at 3037: C->T","ORF1a, ORF1ab, nsp3, at 3267: C->T","ORF1a, ORF1ab, nsp3, at 5388: C->A","ORF1a, ORF1ab, nsp3, at 5986: C->T","ORF1a, ORF1ab, nsp3, at 6954: T->C","ORF1a, ORF1ab, nsp6, at 11288: T->-","ORF1a, ORF1ab, nsp6, at 11289: C->-","ORF1a, ORF1ab, nsp6, at 11290: T->-","ORF1a, ORF1ab, nsp6, at 11291: G->-","ORF1a, ORF1ab, nsp6, at 11292: G->-","ORF1a, ORF1ab, nsp6, at 11293: T->-","ORF1a, ORF1ab, nsp6, at 11294: T->-","ORF1a, ORF1ab, nsp6, at 11295: T->-","ORF1a, ORF1ab, nsp6, at 11296: T->-","ORF1ab, at 14408: C->T","ORF1ab, at 14676: C->T","ORF1ab, at 15279: C->T","ORF1ab, at 16176: T->C","ORF2 (S gene), at 21765: T->-","ORF2 (S gene), at 21766: A->-","ORF2 (S gene), at 21767: C->-","ORF2 (S gene), at 21768: A->-","ORF2 (S gene), at 21769: T->-","ORF2 (S gene), at 21770: G->-","ORF2 (S gene), at 21991: T->-","ORF2 (S gene), at 21992: T->-","ORF2 (S gene), at 21993: A->-","ORF2 (S gene), at 23063: A->T","ORF2 (S gene), at 23271: C->A","ORF2 (S gene), at 23403: A->G","ORF2 (S gene), at 23604: C->A","ORF2 (S gene), at 23709: C->T","ORF2 (S gene), at 24506: T->G","ORF2 (S gene), at 24914: G->C","ORF8, at 27972: C->T","ORF8, at 28048: G->T","ORF8, at 28111: A->G","UTR, at 28271: A->N","ORF9 (N gene), at 28280: G->C","ORF9 (N gene), at 28281: A->T","ORF9 (N gene), at 28282: T->A","ORF9 (N gene), at 28881: G->A","ORF9 (N gene), at 28882: G->A","ORF9 (N gene), at 28883: G->C","ORF9 (N gene), at 28977: C->T",,,,,,,,
South Africa,"5' UTR, at 174: G->T","5' UTR, at 241: C->T","ORF1a, ORF1ab, nsp2, at 1059: C->T","ORF1a, ORF1ab, nsp3, at 3037: C->T","ORF1a, ORF1ab, nsp3, at 5230: G->T","ORF1a, ORF1ab, nsp4, at 8660: C->T","ORF1a, ORF1ab, nsp4, at 8964: C->T","ORF1a, ORF1ab, 3C-like proteinase (nsp5), at 10323: A->G","ORF1a, ORF1ab, nsp6, at 11230: G->T","ORF1ab, at 14408: C->T","ORF1ab, at 14925: C->T","ORF2 (S gene), at 21801: A->C","ORF2 (S gene), at 22281: C->-","ORF2 (S gene), at 22282: T->-","ORF2 (S gene), at 22283: T->-","ORF2 (S gene), at 22284: T->-","ORF2 (S gene), at 22285: A->-","ORF2 (S gene), at 22286: C->-","ORF2 (S gene), at 22287: T->-","ORF2 (S gene), at 22288: T->-","ORF2 (S gene), at 22289: G->-","ORF2 (S gene), at 22299: G->T","ORF2 (S gene), at 22813: G->T","ORF2 (S gene), at 23012: G->A","ORF2 (S gene), at 23063: A->T","ORF2 (S gene), at 23403: A->G","ORF2 (S gene), at 23664: C->T","ORF3a, at 25563: G->T","ORF3a, at 25904: C->T","ORF4 (E gene), at 26456: C->T","ORF8, at 28253: C->T","ORF9 (N gene), at 28887: C->T",,,,,,,,,,,,,,,,,,,,,,,
Brazil,"5' UTR, at 241: C->T","ORF1a, ORF1ab, nsp1, at 733: T->C","ORF1a, ORF1ab, nsp3, at 2749: C->T","ORF1a, ORF1ab, nsp3, at 3037: C->T","ORF1a, ORF1ab, nsp3, at 3828: C->T","ORF1a, ORF1ab, nsp3, at 5648: A->C","ORF1a, ORF1ab, nsp3, at 6319: A->G","ORF1a, ORF1ab, nsp3, at 6613: A->G","ORF1a, ORF1ab, nsp6, at 11288: T->-","ORF1a, ORF1ab, nsp6, at 11289: C->-","ORF1a, ORF1ab, nsp6, at 11290: T->-","ORF1a, ORF1ab, nsp6, at 11291: G->-","ORF1a, ORF1ab, nsp6, at 11292: G->-","ORF1a, ORF1ab, nsp6, at 11293: T->-","ORF1a, ORF1ab, nsp6, at 11294: T->-","ORF1a, ORF1ab, nsp6, at 11295: T->-","ORF1a, ORF1ab, nsp6, at 11296: T->-","ORF1a, ORF1ab, nsp9, at 12778: C->T","ORF1ab, at 13860: C->T","ORF1ab, at 14408: C->T","ORF1ab, at 17259: G->T","ORF2 (S gene), at 21614: C->T","ORF2 (S gene), at 21621: C->A","ORF2 (S gene), at 21638: C->T","ORF2 (S gene), at 21974: G->T","ORF2 (S gene), at 22132: G->T","ORF2 (S gene), at 22812: A->C","ORF2 (S gene), at 23012: G->A","ORF2 (S gene), at 23063: A->T","ORF2 (S gene), at 23403: A->G","ORF2 (S gene), at 23525: C->T","ORF2 (S gene), at 24642: C->T","ORF2 (S gene), at 25088: G->T","ORF3a, at 26149: T->C","ORF8, at 28167: G->A","ORF9 (N gene), at 28512: C->G","ORF9 (N gene), at 28877: A->T","ORF9 (N gene), at 28878: G->C","ORF9 (N gene), at 28881: G->A","ORF9 (N gene), at 28882: G->A","ORF9 (N gene), at 28883: G->C",,,,,,,,,,,,,,
MV19,"5' UTR, at 241: C->T","ORF1a, ORF1ab, nsp2, at 1059: C->T","ORF1a, ORF1ab, nsp2, at 2395: C->T","ORF1a, ORF1ab, nsp2, at 2597: T->C","ORF1a, ORF1ab, nsp3, at 3037: C->T","ORF1a, ORF1ab, nsp4, at 8947: C->T","ORF1a, ORF1ab, nsp8, at 12100: C->T","ORF1a, ORF1ab, nsp9, at 12878: A->G","ORF1ab, at 14408: C->T","ORF1ab, at 17014: G->T","ORF2 (S gene), at 21600: G->T","ORF2 (S gene), at 22018: G->T","ORF2 (S gene), at 22917: T->G","ORF2 (S gene), at 23403: A->G","ORF2 (S gene), at 24349: T->C","ORF3a, at 25563: G->T","ORF5 (M gene), at 26681: C->T","UTR, at 27890: G->T","UTR, at 28272: A->T","ORF9 (N gene), at 28887: C->T","ORF9 (N gene), at 29362: C->T",,,,,,,,,,,,,,,,,,,,,,,,,,,,,,,,,,
MV23,"5' UTR, at 241: C->T","ORF1a, ORF1ab, nsp2, at 1059: C->T","ORF1a, ORF1ab, nsp2, at 2395: C->T","ORF1a, ORF1ab, nsp2, at 2597: T->C","ORF1a, ORF1ab, nsp3, at 3037: C->T","ORF1a, ORF1ab, nsp4, at 8947: C->T","ORF1a, ORF1ab, nsp8, at 12100: C->T","ORF1a, ORF1ab, nsp9, at 12878: A->G","ORF1ab, at 14408: C->T","ORF1ab, at 17014: G->T","ORF2 (S gene), at 21600: G->T","ORF2 (S gene), at 22018: G->T","ORF2 (S gene), at 22917: T->G","ORF2 (S gene), at 23403: A->G","ORF2 (S gene), at 24349: T->C","ORF3a, at 25563: G->T","ORF5 (M gene), at 26681: C->T","UTR, at 27890: G->T","ORF8, at 28191: G->T","UTR, at 28272: A->T","ORF9 (N gene), at 28887: C->T","ORF9 (N gene), at 28975: G->T","ORF9 (N gene), at 29362: C->T",,,,,,,,,,,,,,,,,,,,,,,,,,,,,,,,
MV33,"5' UTR, at 241: C->T","ORF1a, ORF1ab, nsp2, at 1059: C->T","ORF1a, ORF1ab, nsp2, at 2395: C->T","ORF1a, ORF1ab, nsp2, at 2597: T->C","ORF1a, ORF1ab, nsp3, at 3037: C->T","ORF1a, ORF1ab, nsp4, at 8947: C->T","ORF1a, ORF1ab, nsp8, at 12100: C->T","ORF1a, ORF1ab, nsp9, at 12878: A->G","ORF1ab, at 14408: C->T","ORF1ab, at 17014: G->T","ORF2 (S gene), at 21600: G->T","ORF2 (S gene), at 21638: C->T","ORF2 (S gene), at 22018: G->T","ORF2 (S gene), at 22917: T->G","ORF2 (S gene), at 23403: A->G","ORF2 (S gene), at 24349: T->C","ORF3a, at 25563: G->T","ORF5 (M gene), at 26681: C->T","UTR, at 27890: G->T","UTR, at 28272: A->T","ORF9 (N gene), at 28887: C->T","ORF9 (N gene), at 29362: C->T",,,,,,,,,,,,,,,,,,,,,,,,,,,,,,,,,
EPI_ISL_475633,"5' UTR, at 241: C->T","ORF1a, ORF1ab, nsp3, at 3037: C->T","ORF1ab, at 14408: C->T","ORF2 (S gene), at 23403: A->G",,,,,,,,,,,,,,,,,,,,,,,,,,,,,,,,,,,,,,,,,,,,,,,,,,,
MV1,"5' UTR, at 241: C->T","ORF1a, ORF1ab, nsp3, at 3037: C->T","ORF1ab, at 14408: C->T","ORF2 (S gene), at 23403: A->G","ORF3a, at 25563: G->T",,,,,,,,,,,,,,,,,,,,,,,,,,,,,,,,,,,,,,,,,,,,,,,,,,
MV72,"ORF1a, ORF1ab, nsp1, at 490: T->A","ORF1a, ORF1ab, nsp3, at 3177: C->T","ORF1a, ORF1ab, nsp4, at 8782: C->T","ORF1ab, at 18736: T->C","ORF2 (S gene), at 24034: C->T","ORF5 (M gene), at 26729: T->C","ORF8, at 28077: G->C","ORF8, at 28144: T->C","3' UTR, at 29700: A->G",,,,,,,,,,,,,,,,,,,,,,,,,,,,,,,,,,,,,,,,,,,,,,
MV58,"ORF1a, ORF1ab, nsp4, at 8782: C->T","ORF8, at 28144: T->C",,,,,,,,,,,,,,,,,,,,,,,,,,,,,,,,,,,,,,,,,,,,,,,,,,,,,
MV52,"ORF1a, ORF1ab, nsp4, at 8782: C->T","ORF1ab, at 18060: C->T","ORF8, at 28144: T->C",,,,,,,,,,,,,,,,,,,,,,,,,,,,,,,,,,,,,,,,,,,,,,,,,,,,
MV137,"ORF8, at 28144: T->C",,,,,,,,,,,,,,,,,,,,,,,,,,,,,,,,,,,,,,,,,,,,,,,,,,,,,,
EPI_ISL_940900,"5' UTR, at 241: C->T","ORF1a, ORF1ab, nsp3, at 3037: C->T","ORF1ab, at 14408: C->T","ORF2 (S gene), at 23403: A->G","ORF9 (N gene), at 28881: G->A","ORF9 (N gene), at 28882: G->A","ORF9 (N gene), at 28883: G->C",,,,,,,,,,,,,,,,,,,,,,,,,,,,,,,,,,,,,,,,,,,,,,,,
MV79,"5' UTR, at 241: C->T","ORF1a, ORF1ab, nsp2, at 936: C->T","ORF1a, ORF1ab, nsp2, at 2342: A->G","ORF1a, ORF1ab, nsp3, at 3037: C->T","ORF1a, ORF1ab, nsp3, at 3259: G->T","ORF1a, ORF1ab, nsp6, at 11591: C->T","ORF1ab, at 14408: C->T","ORF1ab, at 17122: G->T","ORF1ab, at 18348: C->T","ORF2 (S gene), at 23403: A->G","ORF3a, at 26069: A->G","ORF9 (N gene), at 28881: G->A","ORF9 (N gene), at 28882: G->A","ORF9 (N gene), at 28883: G->C",,,,,,,,,,,,,,,,,,,,,,,,,,,,,,,,,,,,,,,,,
EPI_ISL_475632,"5' UTR, at 241: C->T","ORF1a, ORF1ab, nsp1, at 313: C->T","ORF1a, ORF1ab, nsp3, at 3037: C->T","ORF1ab, at 14408: C->T","ORF2 (S gene), at 23403: A->G","ORF9 (N gene), at 28881: G->A","ORF9 (N gene), at 28882: G->A","ORF9 (N gene), at 28883: G->C",,,,,,,,,,,,,,,,,,,,,,,,,,,,,,,,,,,,,,,,,,,,,,,
EPI_ISL_677673,"5' UTR, at 241: C->T","ORF1a, ORF1ab, nsp2, at 1059: C->T","ORF1a, ORF1ab, nsp3, at 3037: C->T","ORF1ab, at 14408: C->T","ORF2 (S gene), at 23403: A->G","ORF3a, at 25563: G->T",,,,,,,,,,,,,,,,,,,,,,,,,,,,,,,,,,,,,,,,,,,,,,,,,
EPI_ISL_593478,"5' UTR, at 241: C->T","ORF1a, ORF1ab, nsp2, at 1059: C->T","ORF1a, ORF1ab, nsp2, at 1336: T->C","ORF1a, ORF1ab, nsp3, at 3037: C->T","ORF1a, ORF1ab, nsp3, at 7936: G->C","ORF1ab, at 14408: C->T","ORF1ab, at 16580: C->T","ORF2 (S gene), at 23403: A->G","ORF3a, at 25563: G->T","ORF7b, at 27881: C->T",,,,,,,,,,,,,,,,,,,,,,,,,,,,,,,,,,,,,,,,,,,,,
EPI_ISL_475639,"5' UTR, at 241: C->T","ORF1a, ORF1ab, nsp2, at 1059: C->T","ORF1a, ORF1ab, nsp3, at 3037: C->T","ORF1ab, at 14408: C->T","ORF2 (S gene), at 23403: A->G","ORF3a, at 25563: G->T","ORF9 (N gene), at 29253: C->T",,,,,,,,,,,,,,,,,,,,,,,,,,,,,,,,,,,,,,,,,,,,,,,,
EPI_ISL_631724,"5' UTR, at 241: C->T","ORF1a, ORF1ab, nsp2, at 1059: C->T","ORF1a, ORF1ab, nsp3, at 3037: C->T","ORF1ab, at 14408: C->T","ORF2 (S gene), at 23403: A->G","ORF3a, at 25563: G->T","ORF10, Stem-loop (3' UTR pseudoknot stem-loop 1), at 29614: C->T",,,,,,,,,,,,,,,,,,,,,,,,,,,,,,,,,,,,,,,,,,,,,,,,
MV2,"5' UTR, at 241: C->T","ORF1a, ORF1ab, nsp2, at 1059: C->T","ORF1a, ORF1ab, nsp2, at 1917: C->T","ORF1a, ORF1ab, nsp3, at 3037: C->T","ORF1ab, at 14408: C->T","ORF2 (S gene), at 23403: A->G","ORF3a, at 25563: G->T",,,,,,,,,,,,,,,,,,,,,,,,,,,,,,,,,,,,,,,,,,,,,,,,
EPI_ISL_436946,"5' UTR, at 241: C->T","ORF1a, ORF1ab, nsp2, at 1059: C->T","ORF1a, ORF1ab, nsp3, at 3037: C->T","ORF1ab, at 14408: C->T","ORF1ab, at 14572: C->N","ORF1ab, at 14573: C->N","ORF1ab, at 14574: T->N","ORF2 (S gene), at 23403: A->G","ORF3a, at 25563: G->T","ORF8, at 27964: C->T",,,,,,,,,,,,,,,,,,,,,,,,,,,,,,,,,,,,,,,,,,,,,
EPI_ISL_463295,"5' UTR, at 241: C->T","ORF1a, ORF1ab, nsp2, at 833: T->C","ORF1a, ORF1ab, nsp2, at 1059: C->T","ORF1a, ORF1ab, nsp3, at 3037: C->T","ORF1ab, at 14408: C->T","ORF1ab, at 14572: C->N","ORF1ab, at 14573: C->N","ORF1ab, at 14574: T->N","ORF2 (S gene), at 23403: A->G","ORF2 (S gene), at 23818: T->N","ORF2 (S gene), at 23819: T->N","ORF3a, at 25563: G->T","ORF8, at 27964: C->T",,,,,,,,,,,,,,,,,,,,,,,,,,,,,,,,,,,,,,,,,,
EPI_ISL_436944,"5' UTR, at 241: C->T","ORF1a, ORF1ab, nsp2, at 1059: C->T","ORF1a, ORF1ab, nsp3, at 3037: C->T","ORF1a, ORF1ab, nsp3, at 4660: T->N","ORF1a, ORF1ab, nsp3, at 4661: A->N","ORF1a, ORF1ab, nsp3, at 4662: T->N","ORF1a, ORF1ab, nsp3, at 4663: G->N","ORF1a, ORF1ab, nsp3, at 4664: A->N","ORF1a, ORF1ab, nsp3, at 4665: G->N","ORF1a, ORF1ab, 3C-like proteinase (nsp5), at 10188: C->T","ORF1ab, at 14408: C->T","ORF2 (S gene), at 23403: A->G","ORF2 (S gene), at 23818: T->N","ORF2 (S gene), at 24982: T->C","ORF3a, at 25563: G->T","ORF8, at 27964: C->T",,,,,,,,,,,,,,,,,,,,,,,,,,,,,,,,,,,,,,,
EPI_ISL_940958,"5' UTR, at 241: C->T","ORF1a, ORF1ab, nsp2, at 833: T->C","ORF1a, ORF1ab, nsp2, at 1059: C->T","ORF1a, ORF1ab, nsp3, at 3037: C->T","ORF1a, ORF1ab, nsp3, at 5512: C->T","ORF1a, ORF1ab, nsp3, at 6541: C->T","ORF1a, ORF1ab, nsp4, at 9515: C->T","ORF1a, ORF1ab, nsp6, at 11379: C->T","ORF1ab, at 14408: C->T","ORF1ab, at 17125: C->T","ORF1ab, at 19175: A->C","ORF1ab, at 19839: T->C","ORF2 (S gene), at 22320: A->G","ORF2 (S gene), at 23403: A->G","ORF3a, at 25523: G->T","ORF3a, at 25563: G->T","ORF8, at 27964: C->T","3' UTR, at 29685: T->G",,,,,,,,,,,,,,,,,,,,,,,,,,,,,,,,,,,,,
EPI_ISL_475674,"5' UTR, at 241: C->T","ORF1a, ORF1ab, nsp1, at 379: C->A","ORF1a, ORF1ab, nsp2, at 1059: C->T","ORF1a, ORF1ab, nsp3, at 3037: C->T","ORF1ab, at 14408: C->T","ORF2 (S gene), at 23403: A->G","ORF3a, at 25563: G->T",,,,,,,,,,,,,,,,,,,,,,,,,,,,,,,,,,,,,,,,,,,,,,,,
EPI_ISL_525658,"5' UTR, at 241: C->T","ORF1a, ORF1ab, nsp2, at 1059: C->T","ORF1a, ORF1ab, nsp3, at 3037: C->T","ORF1a, ORF1ab, nsp7, at 11916: C->T","ORF1ab, at 14408: C->T","ORF2 (S gene), at 23403: A->G","ORF3a, at 25563: G->T",,,,,,,,,,,,,,,,,,,,,,,,,,,,,,,,,,,,,,,,,,,,,,,,
EPI_ISL_475590,"5' UTR, at 241: C->T","ORF1a, ORF1ab, nsp2, at 1059: C->T","ORF1a, ORF1ab, nsp3, at 3037: C->T","ORF1a, ORF1ab, nsp7, at 11916: C->T","ORF1ab, at 14408: C->T","ORF1ab, at 18998: C->T","ORF2 (S gene), at 23403: A->G","ORF3a, at 25563: G->T","UTR, at 29540: G->A",,,,,,,,,,,,,,,,,,,,,,,,,,,,,,,,,,,,,,,,,,,,,,
MV145,"5' UTR, at 241: C->T","ORF1a, ORF1ab, nsp2, at 1059: C->T","ORF1a, ORF1ab, nsp3, at 3037: C->T","ORF1a, ORF1ab, nsp7, at 11916: C->T","ORF1ab, at 14408: C->T","ORF1ab, at 18998: C->T","ORF2 (S gene), at 23403: A->G","ORF3a, at 25563: G->T","ORF8, at 28253: C->T","UTR, at 29540: G->A",,,,,,,,,,,,,,,,,,,,,,,,,,,,,,,,,,,,,,,,,,,,,
MV32,"5' UTR, at 241: C->T","ORF1a, ORF1ab, nsp2, at 815: C->T","ORF1a, ORF1ab, nsp3, at 3037: C->T","ORF1a, ORF1ab, nsp3, at 3411: C->T","ORF1a, ORF1ab, 3C-like proteinase (nsp5), at 10795: T->C","ORF1ab, at 14408: C->T","ORF1ab, at 18452: C->T","ORF2 (S gene), at 23403: A->G","ORF3a, at 25437: G->T","ORF9 (N gene), at 28881: G->A","ORF9 (N gene), at 28882: G->A","ORF9 (N gene), at 28883: G->C",,,,,,,,,,,,,,,,,,,,,,,,,,,,,,,,,,,,,,,,,,,
MV25,"5' UTR, at 241: C->T","ORF1a, ORF1ab, nsp2, at 1059: C->T","ORF1a, ORF1ab, nsp3, at 3037: C->T","ORF1a, ORF1ab, 3C-like proteinase (nsp5), at 10319: C->T","ORF1ab, at 14408: C->T","ORF1ab, at 18424: A->G","ORF1ab, at 19484: C->N","ORF1ab, at 21304: C->T","ORF2 (S gene), at 23403: A->G","ORF2 (S gene), at 24981: C->N","ORF2 (S gene), at 24982: T->N","ORF3a, at 25563: G->T","ORF3a, at 25907: G->T","ORF8, at 27964: C->T","ORF9 (N gene), at 28472: C->T","ORF9 (N gene), at 28869: C->T",,,,,,,,,,,,,,,,,,,,,,,,,,,,,,,,,,,,,,,
EPI_ISL_516771,"5' UTR, at 241: C->T","ORF1a, ORF1ab, nsp2, at 1059: C->T","ORF1a, ORF1ab, nsp3, at 3037: C->T","ORF1a, ORF1ab, nsp3, at 8083: G->A","ORF1a, ORF1ab, 3C-like proteinase (nsp5), at 10319: C->T","ORF1ab, at 14408: C->T","ORF1ab, at 14805: C->T","ORF1ab, at 18424: A->G","ORF1ab, at 21304: C->T","ORF2 (S gene), at 23403: A->G","ORF3a, at 25563: G->T","ORF3a, at 25907: G->T","ORF8, at 27964: C->T","ORF9 (N gene), at 28472: C->T","ORF9 (N gene), at 28869: C->T",,,,,,,,,,,,,,,,,,,,,,,,,,,,,,,,,,,,,,,,
MV41,"5' UTR, at 241: C->T","ORF1a, ORF1ab, nsp2, at 1059: C->T","ORF1a, ORF1ab, nsp2, at 1927: T->C","ORF1a, ORF1ab, nsp3, at 3037: C->T","ORF1a, ORF1ab, 3C-like proteinase (nsp5), at 10319: C->T","ORF1ab, at 14408: C->T","ORF1ab, at 18424: A->G","ORF1ab, at 19484: C->N","ORF1ab, at 21304: C->T","ORF2 (S gene), at 22255: A->T","ORF2 (S gene), at 23403: A->G","ORF2 (S gene), at 24981: C->N","ORF2 (S gene), at 24982: T->N","ORF3a, at 25563: G->T","ORF3a, at 25907: G->T","ORF8, at 27964: C->T","ORF9 (N gene), at 28472: C->T","ORF9 (N gene), at 28869: C->T",,,,,,,,,,,,,,,,,,,,,,,,,,,,,,,,,,,,,
EPI_ISL_940918,"5' UTR, at 241: C->T","ORF1a, ORF1ab, nsp2, at 1059: C->T","ORF1a, ORF1ab, nsp3, at 3037: C->T","ORF1a, ORF1ab, nsp3, at 6052: G->A","ORF1a, ORF1ab, nsp3, at 7600: C->T","ORF1a, ORF1ab, 3C-like proteinase (nsp5), at 10319: C->T","ORF1ab, at 14408: C->T","ORF1ab, at 19872: G->T","ORF2 (S gene), at 23403: A->G","ORF3a, at 25563: G->T","ORF3a, at 25855: G->T","ORF8, at 27964: C->T","ORF9 (N gene), at 29254: G->T","ORF9 (N gene), at 29474: G->T","3' UTR, Stem-loop (3' UTR pseudoknot stem-loop 2), at 29764: G->T",,,,,,,,,,,,,,,,,,,,,,,,,,,,,,,,,,,,,,,,
EPI_ISL_942009,"5' UTR, at 241: C->T","ORF1a, ORF1ab, nsp2, at 1059: C->T","ORF1a, ORF1ab, nsp3, at 3037: C->T","ORF1a, ORF1ab, nsp3, at 6052: G->A","ORF1a, ORF1ab, nsp3, at 7600: C->N","ORF1a, ORF1ab, nsp3, at 7675: G->C","ORF1a, ORF1ab, 3C-like proteinase (nsp5), at 10319: C->T","ORF1ab, at 14408: C->T","ORF1ab, at 19872: G->T","ORF2 (S gene), at 21621: C->T","ORF2 (S gene), at 22201: G->T","ORF2 (S gene), at 23403: A->G","ORF3a, at 25563: G->T","ORF3a, at 25855: G->T","ORF8, at 27964: C->T","ORF9 (N gene), at 28975: G->T","ORF9 (N gene), at 29254: G->T","ORF9 (N gene), at 29474: G->T","3' UTR, Stem-loop (3' UTR pseudoknot stem-loop 2), at 29764: G->T",,,,,,,,,,,,,,,,,,,,,,,,,,,,,,,,,,,,
EPI_ISL_475585,"5' UTR, at 241: C->T","ORF1a, ORF1ab, nsp3, at 3037: C->T","ORF1ab, at 14408: C->T","ORF1ab, at 18877: C->T","ORF2 (S gene), at 23403: A->G","ORF3a, at 25563: G->T",,,,,,,,,,,,,,,,,,,,,,,,,,,,,,,,,,,,,,,,,,,,,,,,,
MV14,"5' UTR, at 241: C->T","ORF1a, ORF1ab, nsp2, at 1059: C->T","ORF1a, ORF1ab, nsp2, at 2395: C->T","ORF1a, ORF1ab, nsp2, at 2597: T->C","ORF1a, ORF1ab, nsp3, at 3037: C->T","ORF1a, ORF1ab, nsp4, at 8947: C->T","ORF1a, ORF1ab, 3C-like proteinase (nsp5), at 10641: C->T","ORF1a, ORF1ab, nsp8, at 12100: C->T","ORF1a, ORF1ab, nsp9, at 12878: A->G","ORF1ab, at 14408: C->T","ORF1ab, at 17014: G->T","ORF2 (S gene), at 21600: G->T","ORF2 (S gene), at 22018: G->T","ORF2 (S gene), at 22917: T->G","ORF2 (S gene), at 23403: A->G","ORF2 (S gene), at 24349: T->C","ORF3a, at 25563: G->T","ORF5 (M gene), at 26681: C->T","UTR, at 27890: G->T","UTR, at 28272: A->T","ORF9 (N gene), at 28887: C->T","ORF9 (N gene), at 29362: C->T",,,,,,,,,,,,,,,,,,,,,,,,,,,,,,,,,
EPI_ISL_463286,"5' UTR, at 241: C->T","ORF1a, ORF1ab, nsp2, at 1059: C->T","ORF1a, ORF1ab, nsp3, at 3037: C->T","ORF1a, ORF1ab, 3C-like proteinase (nsp5), at 10319: C->T","ORF1ab, at 14408: C->T","ORF1ab, at 14572: C->N","ORF1ab, at 14573: C->N","ORF1ab, at 14574: T->N","ORF2 (S gene), at 23403: A->G","ORF2 (S gene), at 23818: T->N","ORF2 (S gene), at 23819: T->N","ORF3a, at 25563: G->T","ORF8, at 27964: C->T",,,,,,,,,,,,,,,,,,,,,,,,,,,,,,,,,,,,,,,,,,
MV24,"5' UTR, at 241: C->T","ORF1a, ORF1ab, nsp3, at 3037: C->T","ORF1ab, at 14408: C->T","ORF1ab, at 16255: C->N","ORF1ab, at 16256: T->N","ORF1ab, at 20268: A->G","ORF2 (S gene), at 23403: A->G","ORF2 (S gene), at 24981: C->N","ORF2 (S gene), at 24982: T->N","ORF9 (N gene), at 28854: C->T",,,,,,,,,,,,,,,,,,,,,,,,,,,,,,,,,,,,,,,,,,,,,
MV88,"5' UTR, at 241: C->T","ORF1a, ORF1ab, nsp3, at 3037: C->T","ORF1ab, at 14408: C->T","ORF1ab, at 16255: C->N","ORF1ab, at 16256: T->N","ORF1ab, at 20268: A->G","ORF2 (S gene), at 23403: A->G","ORF2 (S gene), at 23604: C->T","ORF2 (S gene), at 24981: C->N","ORF2 (S gene), at 24982: T->N","ORF9 (N gene), at 28854: C->T",,,,,,,,,,,,,,,,,,,,,,,,,,,,,,,,,,,,,,,,,,,,
MV141,"5' UTR, at 241: C->T","ORF1a, ORF1ab, nsp3, at 3037: C->T","ORF1a, ORF1ab, nsp6, at 11575: C->T","ORF1ab, at 14408: C->T","ORF1ab, at 16255: C->N","ORF1ab, at 16256: T->N","ORF1ab, at 19029: C->T","ORF1ab, at 20268: A->G","ORF2 (S gene), at 23403: A->G","ORF2 (S gene), at 24981: C->N","ORF2 (S gene), at 24982: T->N","ORF9 (N gene), at 28854: C->T",,,,,,,,,,,,,,,,,,,,,,,,,,,,,,,,,,,,,,,,,,,
MV92,"5' UTR, at 241: C->T","ORF1a, ORF1ab, nsp3, at 3037: C->T","ORF1ab, at 14408: C->T","ORF1ab, at 16255: C->N","ORF1ab, at 16256: T->N","ORF1ab, at 20268: A->G","ORF2 (S gene), at 23403: A->G","ORF2 (S gene), at 24076: T->C","ORF2 (S gene), at 24981: C->N","ORF2 (S gene), at 24982: T->N","ORF9 (N gene), at 28854: C->T",,,,,,,,,,,,,,,,,,,,,,,,,,,,,,,,,,,,,,,,,,,,
MV130,"5' UTR, at 241: C->T","ORF1a, ORF1ab, nsp3, at 3037: C->T","ORF1a, ORF1ab, 3C-like proteinase (nsp5), at 10323: A->G","ORF1ab, at 14408: C->T","ORF1ab, at 16255: C->N","ORF1ab, at 16256: T->N","ORF1ab, at 20268: A->G","ORF2 (S gene), at 23403: A->G","ORF2 (S gene), at 24981: C->N","ORF2 (S gene), at 24982: T->N","ORF9 (N gene), at 28854: C->T",,,,,,,,,,,,,,,,,,,,,,,,,,,,,,,,,,,,,,,,,,,,
MV101,"5' UTR, at 241: C->T","ORF1a, ORF1ab, nsp2, at 1059: C->T","ORF1a, ORF1ab, nsp3, at 3037: C->T","ORF1ab, at 14408: C->T","ORF1ab, at 17014: G->T","ORF2 (S gene), at 21600: G->T","ORF2 (S gene), at 22018: G->T","ORF2 (S gene), at 22917: T->G","ORF2 (S gene), at 23403: A->G","ORF3a, at 25563: G->T","ORF5 (M gene), at 26681: C->T","UTR, at 28272: A->T","ORF9 (N gene), at 28887: C->T","ORF9 (N gene), at 29362: C->T",,,,,,,,,,,,,,,,,,,,,,,,,,,,,,,,,,,,,,,,,
MV86,"5' UTR, at 241: C->T","ORF1a, ORF1ab, nsp2, at 1059: C->T","ORF1a, ORF1ab, nsp2, at 2395: C->T","ORF1a, ORF1ab, nsp2, at 2597: T->C","ORF1a, ORF1ab, nsp3, at 3037: C->T","ORF1a, ORF1ab, nsp9, at 12878: A->G","ORF1ab, at 14408: C->T","ORF1ab, at 17014: G->T","ORF2 (S gene), at 21600: G->T","ORF2 (S gene), at 22018: G->T","ORF2 (S gene), at 22917: T->G","ORF2 (S gene), at 23403: A->G","ORF2 (S gene), at 24349: T->C","ORF3a, at 25563: G->T","ORF5 (M gene), at 26681: C->T","UTR, at 27890: G->T","UTR, at 28272: A->T","ORF9 (N gene), at 28887: C->T","ORF9 (N gene), at 29362: C->T",,,,,,,,,,,,,,,,,,,,,,,,,,,,,,,,,,,,
MV49,"5' UTR, at 241: C->T","ORF1a, ORF1ab, nsp2, at 1059: C->T","ORF1a, ORF1ab, nsp3, at 3037: C->T","ORF1a, ORF1ab, nsp4, at 9738: G->C","ORF1ab, at 13713: G->A","ORF1ab, at 14408: C->T","ORF1ab, at 16394: C->T","ORF1ab, at 17014: G->T","ORF2 (S gene), at 21600: G->T","ORF2 (S gene), at 22018: G->T","ORF2 (S gene), at 22917: T->G","ORF2 (S gene), at 23403: A->G","ORF3a, at 25563: G->T","ORF5 (M gene), at 26681: C->T","UTR, at 28272: A->T","ORF9 (N gene), at 28887: C->T","ORF9 (N gene), at 29362: C->T",,,,,,,,,,,,,,,,,,,,,,,,,,,,,,,,,,,,,,
MV149 ,"5' UTR, at 241: C->T","ORF1a, ORF1ab, nsp3, at 3037: C->T","ORF1ab, at 14408: C->T","ORF2 (S gene), at 23403: A->G","ORF2 (S gene), at 25088: G->T","ORF9 (N gene), at 28881: G->A","ORF9 (N gene), at 28882: G->A","ORF9 (N gene), at 28883: G->C",,,,,,,,,,,,,,,,,,,,,,,,,,,,,,,,,,,,,,,,,,,,,,,
EPI_ISL_940924 ,"5' UTR, at 241: C->T","ORF1a, ORF1ab, nsp2, at 2655: A->C","ORF1a, ORF1ab, nsp3, at 3037: C->T","ORF1a, ORF1ab, nsp7, at 12053: C->T","ORF1ab, at 14408: C->T","ORF2 (S gene), at 23403: A->G","ORF2 (S gene), at 25088: G->T","ORF9 (N gene), at 28881: G->A","ORF9 (N gene), at 28882: G->A","ORF9 (N gene), at 28883: G->C",,,,,,,,,,,,,,,,,,,,,,,,,,,,,,,,,,,,,,,,,,,,,
MV150,"5' UTR, at 241: C->T","ORF1a, ORF1ab, nsp2, at 913: C->T","ORF1a, ORF1ab, nsp3, at 3037: C->T","ORF1a, ORF1ab, nsp3, at 3267: C->T","ORF1a, ORF1ab, nsp3, at 5388: C->A","ORF1a, ORF1ab, nsp3, at 5986: C->T","ORF1a, ORF1ab, nsp3, at 6954: T->C","ORF1a, ORF1ab, nsp6, at 11288: T->-","ORF1a, ORF1ab, nsp6, at 11289: C->-","ORF1a, ORF1ab, nsp6, at 11290: T->-","ORF1a, ORF1ab, nsp6, at 11291: G->-","ORF1a, ORF1ab, nsp6, at 11292: G->-","ORF1a, ORF1ab, nsp6, at 11293: T->-","ORF1a, ORF1ab, nsp6, at 11294: T->-","ORF1a, ORF1ab, nsp6, at 11295: T->-","ORF1a, ORF1ab, nsp6, at 11296: T->-","ORF1ab, at 14408: C->T","ORF1ab, at 14676: C->T","ORF1ab, at 15279: C->T","ORF1ab, at 16176: T->C","ORF2 (S gene), at 21765: T->-","ORF2 (S gene), at 21766: A->-","ORF2 (S gene), at 21767: C->-","ORF2 (S gene), at 21768: A->-","ORF2 (S gene), at 21769: T->-","ORF2 (S gene), at 21770: G->-","ORF2 (S gene), at 21991: T->-","ORF2 (S gene), at 21992: T->-","ORF2 (S gene), at 21993: A->-","ORF2 (S gene), at 23063: A->T","ORF2 (S gene), at 23271: C->A","ORF2 (S gene), at 23403: A->G","ORF2 (S gene), at 23604: C->A","ORF2 (S gene), at 23709: C->T","ORF2 (S gene), at 24506: T->G","ORF2 (S gene), at 24914: G->C","ORF8, at 27972: C->T","ORF8, at 28048: G->T","ORF8, at 28111: A->G","UTR, at 28271: A->N","ORF9 (N gene), at 28280: G->C","ORF9 (N gene), at 28281: A->T","ORF9 (N gene), at 28282: T->A","ORF9 (N gene), at 28881: G->A","ORF9 (N gene), at 28882: G->A","ORF9 (N gene), at 28883: G->C","ORF9 (N gene), at 28977: C->T",,,,,,,,
EPI_ISL_824571,"5' UTR, at 241: C->T","ORF1a, ORF1ab, nsp3, at 3037: C->T","ORF1a, ORF1ab, nsp3, at 5410: A->T","ORF1a, ORF1ab, nsp3, at 5986: C->T","ORF1a, ORF1ab, nsp3, at 6538: C->T","ORF1ab, at 14120: C->T","ORF1ab, at 14408: C->T","ORF1ab, at 16308: C->T","ORF1ab, at 16386: C->T","ORF1ab, at 20762: C->T","ORF2 (S gene), at 21580: T->C","ORF2 (S gene), at 23403: A->G","ORF3a, at 26060: C->T","ORF9 (N gene), at 28881: G->A","ORF9 (N gene), at 28882: G->A","ORF9 (N gene), at 28883: G->C","ORF10, Stem-loop (3' UTR pseudoknot stem-loop 1), Stem-loop (3' UTR pseudoknot stem-loop 2), at 29635: C->T",,,,,,,,,,,,,,,,,,,,,,,,,,,,,,,,,,,,,,
EPI_ISL_911548,"5' UTR, at 241: C->T","ORF1a, ORF1ab, nsp2, at 913: C->T","ORF1a, ORF1ab, nsp2, at 2110: C->T","ORF1a, ORF1ab, nsp3, at 3037: C->T","ORF1a, ORF1ab, nsp3, at 3267: C->T","ORF1a, ORF1ab, nsp3, at 5388: C->A","ORF1a, ORF1ab, nsp3, at 5986: C->T","ORF1a, ORF1ab, nsp3, at 6954: T->C","ORF1a, ORF1ab, nsp3, at 7984: T->C","ORF1a, ORF1ab, nsp6, at 11288: T->-","ORF1a, ORF1ab, nsp6, at 11289: C->-","ORF1a, ORF1ab, nsp6, at 11290: T->-","ORF1a, ORF1ab, nsp6, at 11291: G->-","ORF1a, ORF1ab, nsp6, at 11292: G->-","ORF1a, ORF1ab, nsp6, at 11293: T->-","ORF1a, ORF1ab, nsp6, at 11294: T->-","ORF1a, ORF1ab, nsp6, at 11295: T->-","ORF1a, ORF1ab, nsp6, at 11296: T->-","ORF1ab, at 14120: C->T","ORF1ab, at 14408: C->T","ORF1ab, at 14676: C->T","ORF1ab, at 15279: C->T","ORF1ab, at 16176: T->C","ORF1ab, at 19390: C->T","ORF2 (S gene), at 21765: T->-","ORF2 (S gene), at 21766: A->-","ORF2 (S gene), at 21767: C->-","ORF2 (S gene), at 21768: A->-","ORF2 (S gene), at 21769: T->-","ORF2 (S gene), at 21770: G->-","ORF2 (S gene), at 21991: T->-","ORF2 (S gene), at 21992: T->-","ORF2 (S gene), at 21993: A->-","ORF2 (S gene), at 23063: A->T","ORF2 (S gene), at 23271: C->A","ORF2 (S gene), at 23403: A->G","ORF2 (S gene), at 23604: C->A","ORF2 (S gene), at 23709: C->T","ORF2 (S gene), at 24506: T->G","ORF2 (S gene), at 24914: G->C","ORF8, at 27972: C->T","ORF8, at 28048: G->T","ORF8, at 28095: A->T","ORF8, at 28111: A->G","ORF9 (N gene), at 28280: G->C","ORF9 (N gene), at 28281: A->T","ORF9 (N gene), at 28282: T->A","ORF9 (N gene), at 28881: G->A","ORF9 (N gene), at 28882: G->A","ORF9 (N gene), at 28883: G->C","ORF9 (N gene), at 28977: C->T",,,,
EPI_ISL_883325,"5' UTR, at 241: C->T","ORF1a, ORF1ab, nsp2, at 913: C->T","ORF1a, ORF1ab, nsp2, at 2110: C->T","ORF1a, ORF1ab, nsp3, at 3037: C->T","ORF1a, ORF1ab, nsp3, at 3267: C->T","ORF1a, ORF1ab, nsp3, at 5388: C->A","ORF1a, ORF1ab, nsp3, at 5986: C->T","ORF1a, ORF1ab, nsp3, at 6954: T->C","ORF1a, ORF1ab, nsp3, at 7984: T->C","ORF1a, ORF1ab, nsp4, at 9967: C->Y","ORF1a, ORF1ab, nsp6, at 11147: T->A","ORF1a, ORF1ab, nsp6, at 11288: T->-","ORF1a, ORF1ab, nsp6, at 11289: C->-","ORF1a, ORF1ab, nsp6, at 11290: T->-","ORF1a, ORF1ab, nsp6, at 11291: G->-","ORF1a, ORF1ab, nsp6, at 11292: G->-","ORF1a, ORF1ab, nsp6, at 11293: T->-","ORF1a, ORF1ab, nsp6, at 11294: T->-","ORF1a, ORF1ab, nsp6, at 11295: T->-","ORF1a, ORF1ab, nsp6, at 11296: T->-","ORF1ab, at 14120: C->T","ORF1ab, at 14408: C->T","ORF1ab, at 14575: G->A","ORF1ab, at 14676: C->T","ORF1ab, at 15279: C->T","ORF1ab, at 16176: T->C","ORF1ab, at 19390: C->T","ORF2 (S gene), at 21765: T->-","ORF2 (S gene), at 21766: A->-","ORF2 (S gene), at 21767: C->-","ORF2 (S gene), at 21768: A->-","ORF2 (S gene), at 21769: T->-","ORF2 (S gene), at 21770: G->-","ORF2 (S gene), at 21991: T->-","ORF2 (S gene), at 21992: T->-","ORF2 (S gene), at 21993: A->-","ORF2 (S gene), at 23063: A->T","ORF2 (S gene), at 23271: C->A","ORF2 (S gene), at 23403: A->G","ORF2 (S gene), at 23604: C->A","ORF2 (S gene), at 23709: C->T","ORF2 (S gene), at 24506: T->G","ORF2 (S gene), at 24914: G->C","ORF8, at 27972: C->T","ORF8, at 28048: G->T","ORF8, at 28095: A->T","ORF8, at 28111: A->G","UTR, at 28271: A->-","ORF9 (N gene), at 28280: G->C","ORF9 (N gene), at 28281: A->T","ORF9 (N gene), at 28282: T->A","ORF9 (N gene), at 28881: G->A","ORF9 (N gene), at 28882: G->A","ORF9 (N gene), at 28883: G->C","ORF9 (N gene), at 28977: C->T"
MV67 ,"5' UTR, at 241: C->T","ORF1a, ORF1ab, nsp2, at 913: C->T","ORF1a, ORF1ab, nsp3, at 3037: C->T","ORF1a, ORF1ab, nsp3, at 3267: C->T","ORF1a, ORF1ab, nsp3, at 5388: C->A","ORF1a, ORF1ab, nsp3, at 5986: C->T","ORF1a, ORF1ab, nsp3, at 6954: T->C","ORF1a, ORF1ab, nsp6, at 11288: T->-","ORF1a, ORF1ab, nsp6, at 11289: C->-","ORF1a, ORF1ab, nsp6, at 11290: T->-","ORF1a, ORF1ab, nsp6, at 11291: G->-","ORF1a, ORF1ab, nsp6, at 11292: G->-","ORF1a, ORF1ab, nsp6, at 11293: T->-","ORF1a, ORF1ab, nsp6, at 11294: T->-","ORF1a, ORF1ab, nsp6, at 11295: T->-","ORF1a, ORF1ab, nsp6, at 11296: T->-","ORF1ab, at 14408: C->T","ORF1ab, at 14676: C->T","ORF1ab, at 15279: C->T","ORF1ab, at 16176: T->C","ORF2 (S gene), at 21765: T->-","ORF2 (S gene), at 21766: A->-","ORF2 (S gene), at 21767: C->-","ORF2 (S gene), at 21768: A->-","ORF2 (S gene), at 21769: T->-","ORF2 (S gene), at 21770: G->-","ORF2 (S gene), at 21991: T->-","ORF2 (S gene), at 21992: T->-","ORF2 (S gene), at 21993: A->-","ORF2 (S gene), at 23063: A->T","ORF2 (S gene), at 23271: C->A","ORF2 (S gene), at 23403: A->G","ORF2 (S gene), at 23604: C->A","ORF2 (S gene), at 23709: C->T","ORF2 (S gene), at 24506: T->G","ORF2 (S gene), at 24914: G->C","ORF8, at 27972: C->T","ORF8, at 28048: G->T","ORF8, at 28111: A->G","UTR, at 28271: A->N","ORF9 (N gene), at 28280: G->C","ORF9 (N gene), at 28281: A->T","ORF9 (N gene), at 28282: T->A","ORF9 (N gene), at 28881: G->A","ORF9 (N gene), at 28882: G->A","ORF9 (N gene), at 28883: G->C","ORF9 (N gene), at 28977: C->T",,,,,,,,
EPI_ISL_943550,"5' UTR, at 241: C->T","ORF1a, ORF1ab, nsp2, at 913: C->T","ORF1a, ORF1ab, nsp3, at 3037: C->T","ORF1a, ORF1ab, nsp3, at 3267: C->T","ORF1a, ORF1ab, nsp3, at 4900: C->T","ORF1a, ORF1ab, nsp3, at 5388: C->A","ORF1a, ORF1ab, nsp3, at 5986: C->T","ORF1a, ORF1ab, nsp3, at 6954: T->C","ORF1a, ORF1ab, nsp6, at 11288: T->-","ORF1a, ORF1ab, nsp6, at 11289: C->-","ORF1a, ORF1ab, nsp6, at 11290: T->-","ORF1a, ORF1ab, nsp6, at 11291: G->-","ORF1a, ORF1ab, nsp6, at 11292: G->-","ORF1a, ORF1ab, nsp6, at 11293: T->-","ORF1a, ORF1ab, nsp6, at 11294: T->-","ORF1a, ORF1ab, nsp6, at 11295: T->-","ORF1a, ORF1ab, nsp6, at 11296: T->-","ORF1a, ORF1ab, nsp8, at 12162: A->G","ORF1ab, at 14408: C->T","ORF1ab, at 14676: C->T","ORF1ab, at 15279: C->T","ORF1ab, at 15720: C->T","ORF1ab, at 16176: T->C","ORF1ab, at 17615: A->G","ORF1ab, at 21137: A->G","ORF2 (S gene), at 21765: T->-","ORF2 (S gene), at 21766: A->-","ORF2 (S gene), at 21767: C->-","ORF2 (S gene), at 21768: A->-","ORF2 (S gene), at 21769: T->-","ORF2 (S gene), at 21770: G->-","ORF2 (S gene), at 21991: T->-","ORF2 (S gene), at 21992: T->-","ORF2 (S gene), at 21993: A->-","ORF2 (S gene), at 23063: A->T","ORF2 (S gene), at 23271: C->A","ORF2 (S gene), at 23403: A->G","ORF2 (S gene), at 23604: C->A","ORF2 (S gene), at 23709: C->T","ORF2 (S gene), at 24506: T->G","ORF2 (S gene), at 24914: G->C","ORF2 (S gene), at 25135: G->T","ORF8, at 27972: C->T","ORF8, at 28048: G->T","ORF8, at 28111: A->G","ORF9 (N gene), at 28280: G->C","ORF9 (N gene), at 28281: A->T","ORF9 (N gene), at 28282: T->A","ORF9 (N gene), at 28881: G->A","ORF9 (N gene), at 28882: G->A","ORF9 (N gene), at 28883: G->C","ORF9 (N gene), at 28977: C->T","ORF9 (N gene), at 29348: G->T",,
EPI_ISL_966310,"5' UTR, at 241: C->T","ORF1a, ORF1ab, nsp2, at 913: C->T","ORF1a, ORF1ab, nsp3, at 3037: C->T","ORF1a, ORF1ab, nsp3, at 3267: C->T","ORF1a, ORF1ab, nsp3, at 4900: C->T","ORF1a, ORF1ab, nsp3, at 5388: C->A","ORF1a, ORF1ab, nsp3, at 5986: C->T","ORF1a, ORF1ab, nsp3, at 6954: T->C","ORF1a, ORF1ab, nsp6, at 11249: C->T","ORF1a, ORF1ab, nsp6, at 11288: T->-","ORF1a, ORF1ab, nsp6, at 11289: C->-","ORF1a, ORF1ab, nsp6, at 11290: T->-","ORF1a, ORF1ab, nsp6, at 11291: G->-","ORF1a, ORF1ab, nsp6, at 11292: G->-","ORF1a, ORF1ab, nsp6, at 11293: T->-","ORF1a, ORF1ab, nsp6, at 11294: T->-","ORF1a, ORF1ab, nsp6, at 11295: T->-","ORF1a, ORF1ab, nsp6, at 11296: T->-","ORF1a, ORF1ab, nsp8, at 12162: A->G","ORF1ab, at 14408: C->T","ORF1ab, at 14676: C->T","ORF1ab, at 15279: C->T","ORF1ab, at 15720: C->T","ORF1ab, at 16176: T->C","ORF1ab, at 16362: C->T","ORF1ab, at 17615: A->G","ORF1ab, at 19895: C->T","ORF1ab, at 21137: A->G","ORF2 (S gene), at 21765: T->-","ORF2 (S gene), at 21766: A->-","ORF2 (S gene), at 21767: C->-","ORF2 (S gene), at 21768: A->-","ORF2 (S gene), at 21769: T->-","ORF2 (S gene), at 21770: G->-","ORF2 (S gene), at 21991: T->-","ORF2 (S gene), at 21992: T->-","ORF2 (S gene), at 21993: A->-","ORF2 (S gene), at 23063: A->T","ORF2 (S gene), at 23271: C->A","ORF2 (S gene), at 23403: A->G","ORF2 (S gene), at 23604: C->A","ORF2 (S gene), at 23709: C->T","ORF2 (S gene), at 24506: T->G","ORF2 (S gene), at 24914: G->C","ORF2 (S gene), at 25135: G->T","ORF8, at 27972: C->T","ORF8, at 28048: G->T","ORF8, at 28111: A->G","ORF9 (N gene), at 28280: G->C","ORF9 (N gene), at 28281: A->T","ORF9 (N gene), at 28282: T->A","ORF9 (N gene), at 28881: G->A","ORF9 (N gene), at 28882: G->A","ORF9 (N gene), at 28883: G->C","ORF9 (N gene), at 28977: C->T"
EPI_ISL_631762,"5' UTR, at 241: C->T","ORF1a, ORF1ab, nsp2, at 1059: C->T","ORF1a, ORF1ab, nsp3, at 3037: C->T","ORF1ab, at 14408: C->T","ORF1ab, at 16260: C->T","ORF2 (S gene), at 23403: A->G","ORF3a, at 25563: G->T","ORF9 (N gene), at 28821: C->A",,,,,,,,,,,,,,,,,,,,,,,,,,,,,,,,,,,,,,,,,,,,,,,
EPI_ISL_824685,"5' UTR, at 203: C->T","5' UTR, at 241: C->T","ORF1a, ORF1ab, nsp2, at 1059: C->T","ORF1a, ORF1ab, nsp3, at 2804: G->A","ORF1a, ORF1ab, nsp3, at 3037: C->T","ORF1a, ORF1ab, nsp3, at 6434: A->G","ORF1a, ORF1ab, nsp3, at 6961: G->T","ORF1a, ORF1ab, 3C-like proteinase (nsp5), at 10345: G->A","ORF1a, ORF1ab, 3C-like proteinase (nsp5), at 10881: T->C","ORF1ab, at 14408: C->T","ORF1ab, at 15857: C->T","ORF1ab, at 16260: C->T","ORF1ab, at 17427: G->T","ORF1ab, at 18435: T->G","ORF1ab, at 21357: T->C","ORF2 (S gene), at 23403: A->G","ORF2 (S gene), at 25266: G->T","ORF3a, at 25563: G->T","ORF3a, at 25603: C->T","ORF3a, at 25844: C->T","ORF9 (N gene), at 28677: C->T","ORF9 (N gene), at 28821: C->A",,,,,,,,,,,,,,,,,,,,,,,,,,,,,,,,,
MV111 ,"5' UTR, at 241: C->T","ORF1a, ORF1ab, nsp2, at 1059: C->T","ORF1a, ORF1ab, nsp3, at 3037: C->T","ORF1ab, at 14408: C->T","ORF2 (S gene), at 23403: A->G","ORF3a, at 25563: G->T","ORF9 (N gene), at 28887: C->T",,,,,,,,,,,,,,,,,,,,,,,,,,,,,,,,,,,,,,,,,,,,,,,,
EPI_ISL_824681,"5' UTR, at 203: C->T","5' UTR, at 241: C->T","ORF1a, ORF1ab, nsp2, at 1059: C->T","ORF1a, ORF1ab, nsp3, at 2804: G->A","ORF1a, ORF1ab, nsp3, at 3037: C->T","ORF1a, ORF1ab, nsp3, at 6434: A->G","ORF1a, ORF1ab, nsp3, at 6961: G->T","ORF1a, ORF1ab, 3C-like proteinase (nsp5), at 10345: G->A","ORF1a, ORF1ab, 3C-like proteinase (nsp5), at 10881: T->C","ORF1ab, at 14408: C->T","ORF1ab, at 15857: C->T","ORF1ab, at 16260: C->T","ORF1ab, at 17427: G->T","ORF1ab, at 18435: T->G","ORF1ab, at 21357: T->C","ORF2 (S gene), at 23403: A->G","ORF2 (S gene), at 25266: G->T","ORF3a, at 25563: G->T","ORF3a, at 25603: C->T","ORF3a, at 25844: C->T","ORF7a, at 27726: A->G","ORF9 (N gene), at 28677: C->T","ORF9 (N gene), at 28821: C->A",,,,,,,,,,,,,,,,,,,,,,,,,,,,,,,,
MV16 ,"5' UTR, at 241: C->T","ORF1a, ORF1ab, nsp2, at 1059: C->T","ORF1a, ORF1ab, nsp3, at 3037: C->T","ORF1a, ORF1ab, 3C-like proteinase (nsp5), at 10319: C->T","ORF1ab, at 14408: C->T","ORF2 (S gene), at 23403: A->G","ORF3a, at 25563: G->T","ORF8, at 27964: C->T",,,,,,,,,,,,,,,,,,,,,,,,,,,,,,,,,,,,,,,,,,,,,,,
MV5,"ORF1a, ORF1ab, nsp4, at 8782: C->T","ORF1ab, at 17747: C->T","ORF1ab, at 17858: A->G","ORF1ab, at 18060: C->T","ORF8, at 28144: T->C",,,,,,,,,,,,,,,,,,,,,,,,,,,,,,,,,,,,,,,,,,,,,,,,,,
