0,1,2,3,4,5,6,7,8,9,10,11,12,13,14,15,16,17,18,19
England,"ORF1a, ORF1ab, nsp3, at 1088: T->I","ORF1a, ORF1ab, nsp3, at 1795: A->D","ORF1a, ORF1ab, nsp3, at 2317: I->T","ORF1a, ORF1ab, nsp6, at 3762: S->-","ORF1a, ORF1ab, nsp6, at 3763: G->-","ORF1a, ORF1ab, nsp6, at 3764: F->-","ORF1ab, at 5494: T->I","ORF1ab, at 6201: A->D","ORF1ab, at 6723: I->T","ORF2 (S gene), at 8168: S->-","ORF2 (S gene), at 8169: G->-","ORF2 (S gene), at 8170: F->-","ORF7a, at 9208: P->L",,,,,,
South Africa,"ORF1a, ORF1ab, nsp2, at 352: T->I","ORF1a, ORF1ab, nsp3, at 1742: K->N","ORF1a, ORF1ab, nsp4, at 2886: H->Y","ORF1a, ORF1ab, nsp4, at 2987: S->L","ORF1a, ORF1ab, 3C-like proteinase (nsp5), at 3440: K->R","ORF1a, ORF1ab, nsp6, at 3742: M->I","ORF1ab, at 4758: T->I","ORF1ab, at 6148: K->N","ORF2 (S gene), at 7292: H->Y","ORF2 (S gene), at 7393: S->L","ORF2 (S gene), at 7846: K->R","ORF2 (S gene), at 8148: M->I","ORF7a, at 9208: P->L",,,,,,
Brazil,"ORF1a, ORF1ab, nsp3, at 1275: S->L","ORF1a, ORF1ab, nsp3, at 1882: K->Q","ORF1a, ORF1ab, nsp6, at 3762: S->-","ORF1a, ORF1ab, nsp6, at 3763: G->-","ORF1a, ORF1ab, nsp6, at 3764: F->-","ORF1ab, at 5681: S->L","ORF1ab, at 6288: K->Q","ORF2 (S gene), at 8168: S->-","ORF2 (S gene), at 8169: G->-","ORF2 (S gene), at 8170: F->-","ORF7a, at 9208: P->L",,,,,,,,
MV19,"ORF1a, ORF1ab, nsp2, at 352: T->I","ORF1a, ORF1ab, nsp9, at 4292: I->V","ORF1ab, at 4758: T->I","ORF3a, at 8698: I->V","ORF7a, at 9208: P->L",,,,,,,,,,,,,,
MV23,"ORF1a, ORF1ab, nsp2, at 352: T->I","ORF1a, ORF1ab, nsp9, at 4292: I->V","ORF1ab, at 4758: T->I","ORF3a, at 8698: I->V","ORF7a, at 9208: P->L",,,,,,,,,,,,,,
MV33,"ORF1a, ORF1ab, nsp2, at 352: T->I","ORF1a, ORF1ab, nsp9, at 4292: I->V","ORF1ab, at 4758: T->I","ORF3a, at 8698: I->V","ORF7a, at 9208: P->L",,,,,,,,,,,,,,
EPI_ISL_475633,"ORF7a, at 9208: P->L",,,,,,,,,,,,,,,,,,
MV1,"ORF7a, at 9208: P->L",,,,,,,,,,,,,,,,,,
MV72,"ORF1a, ORF1ab, nsp1, at 162: D->E","ORF1a, ORF1ab, nsp3, at 1058: P->L","ORF1ab, at 4568: D->E","ORF1ab, at 5464: P->L",,,,,,,,,,,,,,,
MV58,,,,,,,,,,,,,,,,,,,
MV52,,,,,,,,,,,,,,,,,,,
MV137,,,,,,,,,,,,,,,,,,,
EPI_ISL_940900,"ORF7a, at 9208: P->L",,,,,,,,,,,,,,,,,,
MV79,"ORF1a, ORF1ab, nsp2, at 311: T->I","ORF1a, ORF1ab, nsp2, at 780: I->V","ORF1a, ORF1ab, nsp3, at 1085: Q->H","ORF1a, ORF1ab, nsp6, at 3863: L->F","ORF1ab, at 4717: T->I","ORF1ab, at 5186: I->V","ORF1ab, at 5491: Q->H","ORF2 (S gene), at 8269: L->F","ORF7a, at 9208: P->L",,,,,,,,,,
EPI_ISL_475632,"ORF7a, at 9208: P->L",,,,,,,,,,,,,,,,,,
EPI_ISL_677673,"ORF1a, ORF1ab, nsp2, at 352: T->I","ORF1ab, at 4758: T->I","ORF7a, at 9208: P->L",,,,,,,,,,,,,,,,
EPI_ISL_593478,"ORF1a, ORF1ab, nsp2, at 352: T->I","ORF1ab, at 4758: T->I","ORF7a, at 9208: P->L","3' UTR, at 9932: T->I",,,,,,,,,,,,,,,
EPI_ISL_475639,"ORF1a, ORF1ab, nsp2, at 352: T->I","ORF1ab, at 4758: T->I","ORF7a, at 9208: P->L",,,,,,,,,,,,,,,,
EPI_ISL_631724,"ORF1a, ORF1ab, nsp2, at 352: T->I","ORF1ab, at 4758: T->I","ORF7a, at 9208: P->L",,,,,,,,,,,,,,,,
MV2,"ORF1a, ORF1ab, nsp2, at 352: T->I","ORF1a, ORF1ab, nsp2, at 638: T->I","ORF1ab, at 4758: T->I","ORF1ab, at 5044: T->I","ORF7a, at 9208: P->L",,,,,,,,,,,,,,
EPI_ISL_436946,"ORF1a, ORF1ab, nsp2, at 352: T->I","ORF1ab, at 4758: T->I","ORF7a, at 9208: P->L","ORF7b, at 9263: P->-",,,,,,,,,,,,,,,
EPI_ISL_463295,"ORF1a, ORF1ab, nsp2, at 277: F->L","ORF1a, ORF1ab, nsp2, at 352: T->I","ORF1ab, at 4683: F->L","ORF1ab, at 4758: T->I","ORF7a, at 9208: P->L","ORF7b, at 9263: P->-",,,,,,,,,,,,,
EPI_ISL_436944,"ORF1a, ORF1ab, nsp2, at 352: T->I","ORF1a, ORF1ab, nsp3, at 1552: Y->-","ORF1a, ORF1ab, nsp3, at 1553: M->-","ORF1a, ORF1ab, nsp3, at 1554: R->-","ORF1a, ORF1ab, 3C-like proteinase (nsp5), at 3395: T->I","ORF1ab, at 4758: T->I","ORF1ab, at 5958: Y->-","ORF1ab, at 5959: M->-","ORF1ab, at 5960: R->-","ORF2 (S gene), at 7801: T->I","ORF7a, at 9208: P->L",,,,,,,,
EPI_ISL_940958,"ORF1a, ORF1ab, nsp2, at 277: F->L","ORF1a, ORF1ab, nsp2, at 352: T->I","ORF1a, ORF1ab, nsp6, at 3792: A->V","ORF1ab, at 4683: F->L","ORF1ab, at 4758: T->I","ORF2 (S gene), at 8198: A->V","ORF7a, at 9208: P->L",,,,,,,,,,,,
EPI_ISL_475674,"ORF1a, ORF1ab, nsp2, at 352: T->I","ORF1ab, at 4758: T->I","ORF7a, at 9208: P->L",,,,,,,,,,,,,,,,
EPI_ISL_525658,"ORF1a, ORF1ab, nsp2, at 352: T->I","ORF1a, ORF1ab, nsp7, at 3971: S->L","ORF1ab, at 4758: T->I","ORF2 (S gene), at 8377: S->L","ORF7a, at 9208: P->L",,,,,,,,,,,,,,
EPI_ISL_475590,"ORF1a, ORF1ab, nsp2, at 352: T->I","ORF1a, ORF1ab, nsp7, at 3971: S->L","ORF1ab, at 4758: T->I","ORF2 (S gene), at 8377: S->L","ORF7a, at 9208: P->L",,,,,,,,,,,,,,
MV145,"ORF1a, ORF1ab, nsp2, at 352: T->I","ORF1a, ORF1ab, nsp7, at 3971: S->L","ORF1ab, at 4758: T->I","ORF2 (S gene), at 8377: S->L","ORF7a, at 9208: P->L",,,,,,,,,,,,,,
MV32,"ORF1a, ORF1ab, nsp2, at 271: R->C","ORF1a, ORF1ab, nsp3, at 1136: A->V","ORF1ab, at 4677: R->C","ORF1ab, at 5542: A->V","ORF7a, at 9208: P->L",,,,,,,,,,,,,,
MV25,"ORF1a, ORF1ab, nsp2, at 352: T->I","ORF1a, ORF1ab, 3C-like proteinase (nsp5), at 3439: L->F","ORF1ab, at 4758: T->I","ORF2 (S gene), at 7845: L->F","ORF7a, at 9208: P->L",,,,,,,,,,,,,,
EPI_ISL_516771,"ORF1a, ORF1ab, nsp2, at 352: T->I","ORF1a, ORF1ab, nsp3, at 2693: M->I","ORF1a, ORF1ab, 3C-like proteinase (nsp5), at 3439: L->F","ORF1ab, at 4758: T->I","ORF1ab, at 7099: M->I","ORF2 (S gene), at 7845: L->F","ORF7a, at 9208: P->L",,,,,,,,,,,,
MV41,"ORF1a, ORF1ab, nsp2, at 352: T->I","ORF1a, ORF1ab, 3C-like proteinase (nsp5), at 3439: L->F","ORF1ab, at 4758: T->I","ORF2 (S gene), at 7845: L->F","ORF7a, at 9208: P->L",,,,,,,,,,,,,,
EPI_ISL_940918,"ORF1a, ORF1ab, nsp2, at 352: T->I","ORF1a, ORF1ab, 3C-like proteinase (nsp5), at 3439: L->F","ORF1ab, at 4758: T->I","ORF2 (S gene), at 7845: L->F","ORF7a, at 9208: P->L",,,,,,,,,,,,,,
EPI_ISL_942009,"ORF1a, ORF1ab, nsp2, at 352: T->I","ORF1a, ORF1ab, nsp3, at 2532: C->-","ORF1a, ORF1ab, 3C-like proteinase (nsp5), at 3439: L->F","ORF1ab, at 4758: T->I","ORF1ab, at 6938: C->-","ORF2 (S gene), at 7845: L->F","ORF7a, at 9208: P->L",,,,,,,,,,,,
EPI_ISL_475585,"ORF7a, at 9208: P->L",,,,,,,,,,,,,,,,,,
MV14,"ORF1a, ORF1ab, nsp2, at 352: T->I","ORF1a, ORF1ab, 3C-like proteinase (nsp5), at 3546: T->M","ORF1a, ORF1ab, nsp9, at 4292: I->V","ORF1ab, at 4758: T->I","ORF2 (S gene), at 7952: T->M","ORF3a, at 8698: I->V","ORF7a, at 9208: P->L",,,,,,,,,,,,
EPI_ISL_463286,"ORF1a, ORF1ab, nsp2, at 352: T->I","ORF1a, ORF1ab, 3C-like proteinase (nsp5), at 3439: L->F","ORF1ab, at 4758: T->I","ORF2 (S gene), at 7845: L->F","ORF7a, at 9208: P->L","ORF7b, at 9263: P->-",,,,,,,,,,,,,
MV24,"ORF7a, at 9208: P->L","ORF9 (N gene), at 9824: L->-",,,,,,,,,,,,,,,,,
MV88,"ORF7a, at 9208: P->L","ORF9 (N gene), at 9824: L->-",,,,,,,,,,,,,,,,,
MV141,"ORF7a, at 9208: P->L","ORF9 (N gene), at 9824: L->-",,,,,,,,,,,,,,,,,
MV92,"ORF7a, at 9208: P->L","ORF9 (N gene), at 9824: L->-",,,,,,,,,,,,,,,,,
MV130,"ORF1a, ORF1ab, 3C-like proteinase (nsp5), at 3440: K->R","ORF2 (S gene), at 7846: K->R","ORF7a, at 9208: P->L","ORF9 (N gene), at 9824: L->-",,,,,,,,,,,,,,,
MV101,"ORF1a, ORF1ab, nsp2, at 352: T->I","ORF1ab, at 4758: T->I","ORF7a, at 9208: P->L",,,,,,,,,,,,,,,,
MV86,"ORF1a, ORF1ab, nsp2, at 352: T->I","ORF1a, ORF1ab, nsp9, at 4292: I->V","ORF1ab, at 4758: T->I","ORF3a, at 8698: I->V","ORF7a, at 9208: P->L",,,,,,,,,,,,,,
MV49,"ORF1a, ORF1ab, nsp2, at 352: T->I","ORF1a, ORF1ab, nsp4, at 3245: S->T","ORF1ab, at 4758: T->I","ORF2 (S gene), at 7651: S->T","ORF7a, at 9208: P->L","ORF10, Stem-loop (3' UTR pseudoknot stem-loop 1), at 9870: P->L",,,,,,,,,,,,,
MV149 ,"ORF7a, at 9208: P->L",,,,,,,,,,,,,,,,,,
EPI_ISL_940924 ,"ORF1a, ORF1ab, nsp2, at 884: E->A","ORF1a, ORF1ab, nsp7, at 4017: L->F","ORF1ab, at 5290: E->A","ORF2 (S gene), at 8423: L->F","ORF7a, at 9208: P->L",,,,,,,,,,,,,,
MV150,"ORF1a, ORF1ab, nsp3, at 1088: T->I","ORF1a, ORF1ab, nsp3, at 1795: A->D","ORF1a, ORF1ab, nsp3, at 2317: I->T","ORF1a, ORF1ab, nsp6, at 3762: S->-","ORF1a, ORF1ab, nsp6, at 3763: G->-","ORF1a, ORF1ab, nsp6, at 3764: F->-","ORF1ab, at 5494: T->I","ORF1ab, at 6201: A->D","ORF1ab, at 6723: I->T","ORF2 (S gene), at 8168: S->-","ORF2 (S gene), at 8169: G->-","ORF2 (S gene), at 8170: F->-","ORF7a, at 9208: P->L",,,,,,
EPI_ISL_824571,"ORF1a, ORF1ab, nsp3, at 1802: L->F","ORF1ab, at 6208: L->F","ORF6, at 9112: P->L","ORF7a, at 9208: P->L",,,,,,,,,,,,,,,
EPI_ISL_911548,"ORF1a, ORF1ab, nsp3, at 1088: T->I","ORF1a, ORF1ab, nsp3, at 1795: A->D","ORF1a, ORF1ab, nsp3, at 2317: I->T","ORF1a, ORF1ab, nsp6, at 3762: S->-","ORF1a, ORF1ab, nsp6, at 3763: G->-","ORF1a, ORF1ab, nsp6, at 3764: F->-","ORF1ab, at 5494: T->I","ORF1ab, at 6201: A->D","ORF1ab, at 6723: I->T","ORF2 (S gene), at 8168: S->-","ORF2 (S gene), at 8169: G->-","ORF2 (S gene), at 8170: F->-","ORF6, at 9112: P->L","ORF7a, at 9208: P->L",,,,,
EPI_ISL_883325,"ORF1a, ORF1ab, nsp3, at 1088: T->I","ORF1a, ORF1ab, nsp3, at 1795: A->D","ORF1a, ORF1ab, nsp3, at 2317: I->T","ORF1a, ORF1ab, nsp4, at 3321: L->-","ORF1a, ORF1ab, nsp6, at 3715: F->I","ORF1a, ORF1ab, nsp6, at 3762: S->-","ORF1a, ORF1ab, nsp6, at 3763: G->-","ORF1a, ORF1ab, nsp6, at 3764: F->-","ORF1ab, at 5494: T->I","ORF1ab, at 6201: A->D","ORF1ab, at 6723: I->T","ORF2 (S gene), at 7727: L->-","ORF2 (S gene), at 8121: F->I","ORF2 (S gene), at 8168: S->-","ORF2 (S gene), at 8169: G->-","ORF2 (S gene), at 8170: F->-","ORF6, at 9112: P->L","ORF7a, at 9208: P->L","ORF7b, at 9264: A->T"
MV67 ,"ORF1a, ORF1ab, nsp3, at 1088: T->I","ORF1a, ORF1ab, nsp3, at 1795: A->D","ORF1a, ORF1ab, nsp3, at 2317: I->T","ORF1a, ORF1ab, nsp6, at 3762: S->-","ORF1a, ORF1ab, nsp6, at 3763: G->-","ORF1a, ORF1ab, nsp6, at 3764: F->-","ORF1ab, at 5494: T->I","ORF1ab, at 6201: A->D","ORF1ab, at 6723: I->T","ORF2 (S gene), at 8168: S->-","ORF2 (S gene), at 8169: G->-","ORF2 (S gene), at 8170: F->-","ORF7a, at 9208: P->L",,,,,,
EPI_ISL_943550,"ORF1a, ORF1ab, nsp3, at 1088: T->I","ORF1a, ORF1ab, nsp3, at 1795: A->D","ORF1a, ORF1ab, nsp3, at 2317: I->T","ORF1a, ORF1ab, nsp6, at 3762: S->-","ORF1a, ORF1ab, nsp6, at 3763: G->-","ORF1a, ORF1ab, nsp6, at 3764: F->-","ORF1a, ORF1ab, nsp8, at 4053: Q->R","ORF1ab, at 5494: T->I","ORF1ab, at 6201: A->D","ORF1ab, at 6723: I->T","ORF2 (S gene), at 8168: S->-","ORF2 (S gene), at 8169: G->-","ORF2 (S gene), at 8170: F->-","ORF2 (S gene), at 8459: Q->R","ORF7a, at 9208: P->L",,,,
EPI_ISL_966310,"ORF1a, ORF1ab, nsp3, at 1088: T->I","ORF1a, ORF1ab, nsp3, at 1795: A->D","ORF1a, ORF1ab, nsp3, at 2317: I->T","ORF1a, ORF1ab, nsp6, at 3749: R->C","ORF1a, ORF1ab, nsp6, at 3762: S->-","ORF1a, ORF1ab, nsp6, at 3763: G->-","ORF1a, ORF1ab, nsp6, at 3764: F->-","ORF1a, ORF1ab, nsp8, at 4053: Q->R","ORF1ab, at 5494: T->I","ORF1ab, at 6201: A->D","ORF1ab, at 6723: I->T","ORF2 (S gene), at 8155: R->C","ORF2 (S gene), at 8168: S->-","ORF2 (S gene), at 8169: G->-","ORF2 (S gene), at 8170: F->-","ORF2 (S gene), at 8459: Q->R","ORF7a, at 9208: P->L",,
EPI_ISL_631762,"ORF1a, ORF1ab, nsp2, at 352: T->I","ORF1ab, at 4758: T->I","ORF7a, at 9208: P->L",,,,,,,,,,,,,,,,
EPI_ISL_824685,"ORF1a, ORF1ab, nsp2, at 352: T->I","ORF1a, ORF1ab, nsp3, at 934: E->K","ORF1a, ORF1ab, nsp3, at 2144: I->V","ORF1a, ORF1ab, nsp3, at 2319: W->C","ORF1a, ORF1ab, 3C-like proteinase (nsp5), at 3626: M->T","ORF1ab, at 4758: T->I","ORF1ab, at 5340: E->K","ORF1ab, at 6550: I->V","ORF1ab, at 6725: W->C","ORF2 (S gene), at 8032: M->T","ORF7a, at 9208: P->L","ORF9 (N gene), at 9691: T->I",,,,,,,
MV111 ,"ORF1a, ORF1ab, nsp2, at 352: T->I","ORF1ab, at 4758: T->I","ORF7a, at 9208: P->L",,,,,,,,,,,,,,,,
EPI_ISL_824681,"ORF1a, ORF1ab, nsp2, at 352: T->I","ORF1a, ORF1ab, nsp3, at 934: E->K","ORF1a, ORF1ab, nsp3, at 2144: I->V","ORF1a, ORF1ab, nsp3, at 2319: W->C","ORF1a, ORF1ab, 3C-like proteinase (nsp5), at 3626: M->T","ORF1ab, at 4758: T->I","ORF1ab, at 5340: E->K","ORF1ab, at 6550: I->V","ORF1ab, at 6725: W->C","ORF2 (S gene), at 8032: M->T","ORF7a, at 9208: P->L","ORF9 (N gene), at 9691: T->I",,,,,,,
MV16 ,"ORF1a, ORF1ab, nsp2, at 352: T->I","ORF1a, ORF1ab, 3C-like proteinase (nsp5), at 3439: L->F","ORF1ab, at 4758: T->I","ORF2 (S gene), at 7845: L->F","ORF7a, at 9208: P->L",,,,,,,,,,,,,,
MV5,,,,,,,,,,,,,,,,,,,
